-- phpMyAdmin SQL Dump
-- version 4.8.0.1
-- https://www.phpmyadmin.net/
--
-- Host: 127.0.0.1
-- Generation Time: Jan 14, 2021 at 05:58 AM
-- Server version: 10.1.32-MariaDB
-- PHP Version: 5.6.36

SET SQL_MODE = "NO_AUTO_VALUE_ON_ZERO";
SET AUTOCOMMIT = 0;
START TRANSACTION;
SET time_zone = "+00:00";


/*!40101 SET @OLD_CHARACTER_SET_CLIENT=@@CHARACTER_SET_CLIENT */;
/*!40101 SET @OLD_CHARACTER_SET_RESULTS=@@CHARACTER_SET_RESULTS */;
/*!40101 SET @OLD_COLLATION_CONNECTION=@@COLLATION_CONNECTION */;
/*!40101 SET NAMES utf8mb4 */;

--
-- Database: `lawlib`
--

-- --------------------------------------------------------

--
-- Table structure for table `book`
--

CREATE TABLE `book` (
  `book_id` int(11) NOT NULL,
  `book_name` varchar(100) NOT NULL,
  `jurisdiction` varchar(100) NOT NULL,
  `author` varchar(100) NOT NULL,
  `publisher` varchar(500) NOT NULL,
  `year_publication` year(4) NOT NULL,
  `subject` varchar(20) NOT NULL,
  `volume_number` int(11) NOT NULL,
  `year` year(4) NOT NULL,
  `book_title` varchar(500) DEFAULT 'لا يوجد عنوان',
  `the_main_domain` varchar(100) NOT NULL,
  `subdomain` varchar(100) NOT NULL,
  `history_system_m` varchar(100) NOT NULL,
  `accreditation` varchar(500) NOT NULL,
  `date_publication_m` varchar(100) NOT NULL,
  `adjustments` varchar(100) NOT NULL,
  `accessories` varchar(100) NOT NULL,
  `pass` varchar(100) NOT NULL,
  `section_id` int(11) NOT NULL,
  `file` varchar(500) DEFAULT NULL,
  `main_section` int(11) NOT NULL,
  `url` varchar(100) DEFAULT NULL,
  `dis` varchar(1000) NOT NULL,
  `history_system_h` date NOT NULL,
  `date_publication_h` date NOT NULL,
  `mini` varchar(500) NOT NULL,
  `pdf` varchar(100) DEFAULT NULL,
  `interview` varchar(500) NOT NULL,
  `country` varchar(500) NOT NULL,
  `city` varchar(500) NOT NULL,
  `court` varchar(500) NOT NULL,
  `issuer` varchar(500) NOT NULL,
  `pronounced_judgment` varchar(500) NOT NULL,
  `referee_number` varchar(500) NOT NULL,
  `issue_classification` varchar(500) NOT NULL,
  `sub-classification` varchar(500) NOT NULL,
  `summary_of_judgment` varchar(500) NOT NULL,
  `sentencing_text` varchar(500) NOT NULL,
  `the_reasons` varchar(500) NOT NULL,
  `the_legal_bond` varchar(500) NOT NULL,
  `appeal_decision` varchar(500) DEFAULT NULL,
  `ruling_year` varchar(100) NOT NULL,
  `legislative_type` varchar(500) NOT NULL,
  `legislative_status` varchar(500) NOT NULL,
  `material_number_legislation` varchar(500) NOT NULL,
  `legislation_number` varchar(500) NOT NULL,
  `decision` varchar(500) NOT NULL
) ENGINE=InnoDB DEFAULT CHARSET=utf8mb4;

-- --------------------------------------------------------

--
-- Table structure for table `book_tag`
--

CREATE TABLE `book_tag` (
  `book_tag_id` int(11) NOT NULL,
  `book_id` int(11) NOT NULL,
  `tag_id` int(11) NOT NULL
) ENGINE=InnoDB DEFAULT CHARSET=utf8mb4;

-- --------------------------------------------------------

--
-- Table structure for table `case_law_system`
--

CREATE TABLE `case_law_system` (
  `id` int(11) NOT NULL,
  `case_law_id` int(11) NOT NULL,
  `system_id` int(11) NOT NULL
) ENGINE=InnoDB DEFAULT CHARSET=utf8mb4;

-- --------------------------------------------------------

--
-- Table structure for table `city`
--

CREATE TABLE `city` (
  `city_id` int(11) NOT NULL,
  `city_name` char(100) NOT NULL,
  `country_id` int(11) NOT NULL
) ENGINE=InnoDB DEFAULT CHARSET=utf8;

--
-- Dumping data for table `city`
--

INSERT INTO `city` (`city_id`, `city_name`, `country_id`) VALUES
(1, 'مقديشو', 204),
(2, 'الرياض', 194),
(3, 'الدمام', 194),
(4, 'الخبر', 194),
(5, 'الظهران', 194),
(6, 'الجبيل', 194),
(7, 'جدة', 194),
(8, 'مكة', 194),
(9, 'المدينة المنورة', 194),
(10, 'الطائف', 194),
(11, 'حفر الباطن', 194),
(12, 'الهفوف', 194),
(13, 'ينبع', 194),
(14, 'تبوك', 194),
(15, 'القصيم', 194),
(16, 'حائل', 194),
(17, 'ابها', 194),
(18, 'الباحة', 194),
(19, 'جازان', 194),
(20, 'نجران', 194),
(21, 'الجوف', 194),
(22, 'عرعر', 194),
(23, 'دبي', 228),
(24, 'ابو ظبي', 228),
(25, 'راس الخيمة', 228),
(26, 'عجمان', 228),
(27, 'العين', 228),
(28, 'ام القيوين', 228),
(29, 'المنامة', 18),
(30, 'الدوحة', 179),
(31, 'مسقط', 166),
(32, 'صلالة', 166),
(33, 'طرابلس', 125),
(34, 'بغداد', 105),
(35, 'عمان', 113),
(36, 'اربد', 113),
(37, 'القدس', 169),
(38, 'بيروت', 122),
(39, 'طرابلس', 122),
(40, 'صيدا', 122),
(287, 'القاهرة', 66),
(288, 'الاسكندرية', 66),
(289, 'المنصورة', 66),
(290, 'اسوان', 66),
(291, 'شرم الشيخ', 66),
(292, 'الفيوم', 66),
(293, 'سوهاج', 66),
(294, 'المنيا', 66),
(295, 'بني سويف', 66),
(296, 'طنطا', 66),
(297, 'اسيوط', 66),
(298, 'الاقصر', 66),
(299, 'بن غازي', 125),
(300, 'سرت', 125),
(301, 'مصراتة', 125),
(302, 'زوارة', 125),
(303, 'اوباري', 125),
(304, 'الخمس', 125),
(305, 'الزنتان', 125),
(306, 'المرج', 125),
(307, 'انتصار', 125),
(308, 'زليتن', 125),
(309, 'سبها', 125),
(310, 'صبراتة', 125),
(311, 'طبرق', 125),
(312, 'غريان', 125),
(313, 'بنت جبيل', 122),
(314, 'زحلة', 122),
(315, 'عكار', 122),
(316, 'صور', 122),
(317, 'الريان', 179),
(318, 'مصايد', 179),
(319, 'دخان', 179),
(320, 'راس لفان', 179),
(321, 'لوسيل', 179),
(322, 'الخور', 179),
(323, 'حيفا', 169),
(324, 'رام الله', 169),
(325, 'رفح', 169),
(326, 'غزة', 169),
(327, 'نابلس', 169),
(328, 'ادم', 166),
(329, 'نزوى', 166),
(330, 'صور', 166),
(331, 'صحار', 166),
(332, 'الرستاق', 166),
(333, 'دمشق', 217),
(334, 'حمص', 217),
(335, 'حلب', 217),
(336, 'الحسكة', 217),
(337, 'ادلب', 217),
(338, 'الرقة', 217),
(339, 'القامشلي', 217),
(340, 'اللاذقية', 217),
(341, 'حماه', 217),
(342, 'درعا', 217),
(343, 'دير الزور', 217),
(344, 'طرطوس', 217),
(345, 'صفاقس', 227),
(346, 'تونس', 227),
(347, 'سوسة', 227),
(348, 'القيروان', 227),
(349, 'استنبول', 222),
(350, 'ازمير', 222),
(351, 'انقرة', 222),
(352, 'انطاكية', 222),
(353, 'مرسين', 222),
(354, 'عازي عنتاب', 222),
(355, 'صنعاء', 248),
(356, 'تعز', 248),
(357, 'عدن', 248),
(358, 'اب', 248),
(359, 'نيويورك', 230),
(360, 'واشنطن', 230),
(361, 'لندن', 229),
(362, 'كازابلانكا', 149),
(363, 'مراكش', 149),
(364, 'برلين', 80),
(365, 'شتوتغارت', 80),
(366, 'الكويت', 118),
(367, 'الجهراء', 118),
(368, 'الفروانية', 118),
(369, 'حولي', 118),
(370, 'مبارك الكبير', 118),
(371, 'الاحمدي', 118),
(372, 'كركوك', 105),
(373, 'اربيل', 105),
(374, 'الفلوجة', 105),
(375, 'الرمادي', 105),
(376, 'ستوكهولم', 210),
(377, 'الخرطوم', 211),
(378, 'عنابة', 4),
(379, 'الجزائر', 4),
(380, 'المحرق', 18),
(381, 'الشارقة', 228),
(384, 'كوالالمبور', 133),
(385, 'الفجيرة', 228),
(386, 'تورونتو', 38),
(387, 'نواكشوط', 139),
(388, 'الاحساء', 194),
(389, 'خورفكان', 228),
(390, 'الزرقاء', 113),
(391, 'الرصيفة', 113),
(392, 'القويسمة', 113),
(393, 'وادي السير', 113),
(394, 'العقبة', 113),
(395, 'الرمثا', 113),
(396, 'القليوبية', 66),
(397, 'الجيزة', 66),
(398, 'البحيرة', 66),
(399, 'مطروح', 66),
(400, 'دمياط', 66),
(401, 'الدقهلية', 66),
(402, 'كفر الشيخ', 66),
(403, 'الغربية', 66),
(404, 'المنوفية', 66),
(405, 'الشرقية', 66),
(406, 'بور سعيد', 66),
(407, 'السويس', 66),
(408, 'قنا', 66),
(409, 'الاسماعيلية', 66),
(410, 'البحر الاحمر/الغردقة', 66),
(411, 'شمال سيناء', 66),
(412, 'جنوب سيناء', 66),
(413, 'ريف دمشق', 217),
(414, 'السويداء', 217),
(415, 'القنيطرة', 217),
(416, 'الرباط', 149),
(417, 'اغادير', 149),
(418, 'طنجة', 149),
(419, 'وجدة', 149),
(420, 'فاس', 149),
(421, 'مكناس', 149),
(422, 'الحسيمة-تازة', 149),
(423, 'القنيطرة', 149),
(424, 'سطات', 149),
(425, 'آسفي', 149),
(426, 'تطوان', 149),
(427, 'تبسة', 149),
(428, 'وهران', 4),
(429, 'قسنطينة', 4),
(430, 'تلمسان', 4),
(431, 'سطيف', 4),
(432, 'بيجاية', 4),
(433, 'بسكرة', 4),
(434, 'جيجل', 4),
(435, 'غرداية', 4),
(436, 'سكيكدة', 4),
(437, 'الجلفة', 4),
(438, 'باتنة', 4),
(439, 'سيدي بلعباس', 4),
(440, 'الشلف', 4),
(441, 'مستغانم', 4),
(442, 'الخرج', 194),
(443, 'سكاكا', 194),
(444, 'بريدة', 194),
(445, 'خميس مشيط', 194),
(446, 'عنيزة', 194),
(447, 'الدوادمي', 194),
(448, 'الزلفي', 194),
(449, 'القطيف', 194),
(450, 'بيشة', 194),
(451, 'القنفذة', 194),
(452, 'المجمعة', 194),
(453, 'الرفاع', 18),
(454, 'سترة', 18),
(455, 'مدينة عيسى', 18),
(456, 'مدينة زايد', 18),
(457, 'الزلاق', 18);

-- --------------------------------------------------------

--
-- Table structure for table `country`
--

CREATE TABLE `country` (
  `country_id` int(11) NOT NULL,
  `country_name` varchar(250) CHARACTER SET utf8mb4 NOT NULL
) ENGINE=InnoDB DEFAULT CHARSET=latin1;

--
-- Dumping data for table `country`
--

INSERT INTO `country` (`country_id`, `country_name`) VALUES
(4, 'الجزائر'),
(18, 'البحرين'),
(66, 'مصر'),
(105, 'العراق'),
(113, 'الأردن'),
(118, 'الكويت'),
(122, 'لبنان'),
(125, 'ليبيا'),
(139, 'موريتانيا'),
(149, 'المغرب'),
(166, 'سلطنة عمان'),
(169, 'فلسطين'),
(179, 'قطر'),
(194, 'السعودية'),
(204, 'الصومال'),
(211, 'السودان'),
(217, 'سوريا'),
(227, 'تونس');

-- --------------------------------------------------------

--
-- Table structure for table `custom_fields`
--

CREATE TABLE `custom_fields` (
  `id` int(11) NOT NULL,
  `field_label` varchar(500) NOT NULL,
  `field_type` varchar(500) NOT NULL,
  `options` varchar(500) NOT NULL,
  `section_id` int(11) NOT NULL,
  `requered` varchar(100) NOT NULL
) ENGINE=InnoDB DEFAULT CHARSET=utf8mb4;

-- --------------------------------------------------------

--
-- Table structure for table `fields_values`
--

CREATE TABLE `fields_values` (
  `id` int(11) NOT NULL,
  `field_id` int(11) NOT NULL,
  `value` varchar(500) NOT NULL,
  `book_id` int(11) NOT NULL
) ENGINE=InnoDB DEFAULT CHARSET=utf8mb4;

-- --------------------------------------------------------

--
-- Table structure for table `linked_case_law`
--

CREATE TABLE `linked_case_law` (
  `id` int(11) NOT NULL,
  `case_id` int(11) NOT NULL
) ENGINE=InnoDB DEFAULT CHARSET=utf8mb4;

-- --------------------------------------------------------

--
-- Table structure for table `linked_system`
--

CREATE TABLE `linked_system` (
  `id` int(11) NOT NULL,
  `linked_system_id` int(11) NOT NULL,
  `material_number_legislation` int(11) NOT NULL
) ENGINE=InnoDB DEFAULT CHARSET=utf8mb4;

-- --------------------------------------------------------

--
-- Table structure for table `materials`
--

CREATE TABLE `materials` (
  `material_id` int(11) NOT NULL,
  `material_number` varchar(500) NOT NULL,
  `description` mediumtext NOT NULL,
  `book_id` int(11) NOT NULL
) ENGINE=InnoDB DEFAULT CHARSET=utf8mb4;

--
-- Dumping data for table `materials`
--

INSERT INTO `materials` (`material_id`, `material_number`, `description`, `book_id`) VALUES
(1248, '1', '\"المادة الأولى: التعريفات:\r\n\r\nيقصد بالألفاظ والعبارات الآتية أينما وردت في هذا النظام المعاني المبينة أمامها، ما لم يقتض السياق خلاف ذلك :\r\nالمؤسسة : مؤسسة النقد العربي السعودي .\r\nالمعلومات الائتمانية : المعلومات والبيانات عن المستهلك فيما يتعلق بتعاملاته الائتمانية، مثل: القروض ، والشراء بالتقسيط ، والإيجار، والبيع الآجل، وبطاقات الائتمان ، ومدى التزامه بالسداد من عدمه.\r\nالعضو : الجهة الحكومية أو الخاصة التي يربطها عقد لتبادل المعلومات الائتمانية مع شركة واحدة على الأقل من شركات المعلومات الائتمانية .\r\nالمستهلك : الشخص من ذوي الصفة الطبيعية أو الاعتبارية الذي له تعاملات ائتمانية.\r\nالشركات : شركات المعلومات الائتمانية المرخص لها بجمع المعلومات الائتمانية عن المستهلكين وحفظها، وتزويد الأعضاء بتلك المعلومات عند طلبها.\r\nالسجل الائتماني : تقرير تصدره الشركات يحتوي على المعلومات الائتمانية عن المستهلك.\r\nالسجلات العامة : سجلات المعلومات الائتمانية التي لدى الجهات الحكومية، مثل سجلات الصناديق والبنوك التي تقدم قروضا حكومية، والجهات القضائية، واللجان الحكومية، وملفات الإفلاس والإعسار، وما في حكمها.\"\r\n', 0);

-- --------------------------------------------------------

--
-- Table structure for table `section`
--

CREATE TABLE `section` (
  `section_id` int(11) NOT NULL,
  `section_name` varchar(500) NOT NULL,
  `parent_id` int(11) NOT NULL,
  `section_discription` varchar(20) NOT NULL
) ENGINE=InnoDB DEFAULT CHARSET=utf8mb4;

--
-- Dumping data for table `section`
--

INSERT INTO `section` (`section_id`, `section_name`, `parent_id`, `section_discription`) VALUES
(31, 'الأحكام والسوابق القضائية', 0, ''),
(32, 'الأنظمة السعودية', 0, ''),
(33, 'نماذج وعقود', 0, ''),
(34, 'الكتب القانونية والأبحاث', 0, ''),
(35, 'الأنظمة والتشريعات والقوانين', 0, ''),
(129, 'الأحكام والمبادئ الإدارية للأعوام ١٤٠٢-١٤٢٦', 31, ''),
(130, 'المجلد الاول', 129, ''),
(131, 'اختصاص', 130, ''),
(132, 'دعوى', 130, ''),
(133, 'المجلد الثاني', 129, ''),
(134, 'اختصاص', 133, ''),
(135, 'دعوى', 133, ''),
(164, 'العقد الجزئي', 33, ''),
(165, 'البحث السادس', 34, ''),
(166, 'تشريع اول', 35, ''),
(167, 'تشريع  ثاني', 35, ''),
(412, 'نظام الشركات المهنية', 32, ''),
(413, 'نظام البيئة', 32, ''),
(414, 'نظام مكافحة التستر', 32, ''),
(415, 'نظام الاستثمار التعديني', 32, ''),
(416, 'نظام التوثيق', 32, ''),
(417, 'نظام المياة', 32, ''),
(418, 'نظام الإجراءات الجزائية ولائحته', 32, ''),
(419, 'نظام صندوق التنمية السياحي', 32, ''),
(420, 'نظام المنشآت والمستحضرات الصيدل', 32, ''),
(421, 'نظام ضمان الحقوق بالأموال المنق', 32, ''),
(422, 'نظام المحاكم التجارية', 32, ''),
(423, 'نظام ملكية الوحدات العقارية وفر', 32, ''),
(424, 'نظام العمل التطوعي', 32, ''),
(425, 'نظام الامتياز التجاري', 32, ''),
(426, 'نظام الإقامة المميزة', 32, ''),
(427, 'نظام التجارة الإلكترونية', 32, ''),
(428, 'نظام مقدمي خدمة حجاج الخارج', 32, ''),
(429, 'لائحة المحافظة على الذوق العام', 32, ''),
(430, 'اللائحة التنفيذية لإجراءات الاس', 32, ''),
(431, 'نظام مطاحن إنتاج الدقيق', 32, ''),
(432, 'نظام الإفلاس', 32, ''),
(433, 'تنظيم المركز السعودي لكفاءة الط', 32, ''),
(434, 'نظام الأنواط العسكرية', 32, ''),
(435, 'نظام الطرق والمباني', 32, ''),
(436, 'نظام المناطق المحمية للحياة الف', 32, ''),
(437, 'النظام البحري التجاري', 32, ''),
(438, 'تنظيم المنطقة الخاصة اللوجستية ', 32, ''),
(439, 'تنظيم الهيئة العامة للموانئ', 32, ''),
(440, 'تنظيم هيئة النقل العام', 32, ''),
(441, 'نظام النقل بالخطوط الحديدية', 32, ''),
(442, 'نظام المؤسسة العامة لخطوط حديد ', 32, ''),
(443, 'نظام المسؤولية المدنية عن الأضر', 32, ''),
(444, 'تنظيم الهيئة العامة للرياضة', 32, ''),
(445, 'نظام التعاملات الإلكترونية', 32, ''),
(446, 'نظام مكافحة جرائم المعلوماتية', 32, ''),
(447, 'نظام الطيران المدني', 32, ''),
(448, 'تنظيم الهيئة العامة للطيران الم', 32, ''),
(449, 'تنظيم مؤسسة البريد السعودي', 32, ''),
(450, 'تنظيم هيئة الاتصالات السعودية', 32, ''),
(451, 'نظام الاتصالات', 32, ''),
(452, 'نظام البريد', 32, ''),
(453, 'نظام النقل العام على الطرق بالم', 32, ''),
(454, 'نظام المؤسسة العامة للخطوط الجو', 32, ''),
(455, 'نظام حماية خطوط السكك الحديدية', 32, ''),
(456, 'نظام نقابة السيارات', 32, ''),
(457, 'تنظيم المركز الوطني لقياس أداء ', 32, ''),
(458, 'نظام وظائف مباشرة الأموال العام', 32, ''),
(459, 'نظام الرهن العقاري المسجل', 32, ''),
(460, 'نظام مراقبة شركات التمويل', 32, ''),
(461, 'نظام الايجار التمويلي', 32, ''),
(462, 'نظام التمويل العقاري', 32, ''),
(463, 'تنظيم الهيئة الوطنية لمكافحة ال', 32, ''),
(464, 'نظام إيرادات الدولة', 32, ''),
(465, 'تنظيم الجمعية السعودية للمراجعي', 32, ''),
(466, 'نظام رسوم تسجيل السفن والوحدات ', 32, ''),
(467, 'نظام النقد العربي السعودي', 32, ''),
(468, 'نظام المعلومات الائتمانية', 32, ''),
(469, 'نظام بنك التنمية الاجتماعية', 32, ''),
(470, 'نظام الإيداع في المخازن العامة', 32, ''),
(471, 'نظام تعريفة الطيران المدني', 32, ''),
(472, 'لائحة الوثائق القضائية والمذكرة', 32, ''),
(473, 'قواعد التوزيع الداخلي للدعاوى و', 32, ''),
(474, 'نظام (قانون) الجمارك الموحد لدو', 32, ''),
(475, 'نظام الديوان العام للمحاسبة', 32, ''),
(476, 'نظام مراقبة البنوك', 32, ''),
(477, 'نظام جباية الزكاة', 32, ''),
(478, 'نظام الأحداث', 32, ''),
(479, 'تنظيم مجلس شؤون الأسرة', 32, ''),
(480, 'اللائحة التنفيذية لضبط أعمال تف', 32, ''),
(481, 'لائحة دور الرعاية الاجتماعية', 32, ''),
(482, 'لائحة عمال الخدمة المنزلية ومن ', 32, ''),
(483, 'اللائحة الأساسية للبيوت الاجتما', 32, ''),
(484, 'اللائحة التنظيمية لتأشيرات الأع', 32, ''),
(485, 'نظام الهيئة العامة للأوقاف', 32, ''),
(486, 'نظام الجمعيات والمؤسسات الأهلية', 32, ''),
(487, 'اللائحة الأساسية لبرامج تأهيل ا', 32, ''),
(488, 'الضوابط الخاصة بوضع الأطفال الس', 32, ''),
(489, 'نظام الضمان الاجتماعي', 32, ''),
(490, 'نظام العمل', 32, ''),
(491, 'نظام التأمينات الاجتماعية', 32, ''),
(492, 'نظام رعاية المعوقين', 32, ''),
(493, 'تنظيم صندوق تنمية الموارد البشر', 32, ''),
(494, 'نظام الضمان الصحي التعاوني', 32, ''),
(495, 'Recovered_Sheet1', 32, ''),
(496, 'نظام الرقابة على الاستخدامات ال', 32, ''),
(497, 'نظام المواد الهيدروكربونية', 32, ''),
(498, 'تـنظيم هيـئـة الرقابة النوويـة ', 32, ''),
(499, 'نظام التجارة بالمنتجات البترولي', 32, ''),
(500, 'نظام توزيع الغاز الجاف وغاز الب', 32, ''),
(501, 'النظام الموحد بشأن المواد المست', 32, ''),
(502, 'القانون (النظام) الموحد للتعدين', 32, ''),
(503, 'نظام مدينة الملك عبدالله للطاقة', 32, ''),
(504, 'التنظيم الخاص بمركز الملك عبدال', 32, ''),
(505, 'تنظيم هيئة تنظيم الكهرباء والإن', 32, ''),
(506, 'تنظيم الهيئة العامة للمساحة', 32, ''),
(507, 'مشروع قانون (نظام) التنظيم الصن', 32, ''),
(508, 'نظام الكهرباء', 32, ''),
(509, 'نظام الاستثمار التعديني القديم', 32, ''),
(510, 'نظام إمدادات الغاز وتسعيره', 32, ''),
(511, 'تنظيم الهيئة السعودية للمدن الص', 32, ''),
(512, 'التنظيم الخاص بهيئة المساحة الج', 32, ''),
(513, 'نظام المعادن الثمينة والأحجار ا', 32, ''),
(514, 'تنظيم الهيئة الملكية للجبيل وين', 32, ''),
(515, 'نظام صندوق التنمية الصناعية الس', 32, ''),
(516, 'نظام حماية وتشجيع الصناعات الوط', 32, ''),
(517, 'لائحة البحوث والدراسات في وزارة', 32, ''),
(518, 'نظام الوقاية من متلازمة العوز ا', 32, ''),
(519, 'تنظيم المركز السعودي لاعتماد ال', 32, ''),
(520, 'نظام مكافحة التدخين', 32, ''),
(521, 'نظام منتجات التجميل', 32, ''),
(522, 'نظام الرعاية الصحية النفسية', 32, ''),
(523, 'تنظيم المدن الطبية والمستشفيات ', 32, ''),
(524, 'تنظيم نفقات المرضى السعوديين وم', 32, ''),
(525, 'تنظيم المركز الوطني للمعلومات ا', 32, ''),
(526, 'نظام المراقبة الصحية في منافذ ا', 32, ''),
(527, 'تنظيم صندوق مدينة الملك فهد الط', 32, ''),
(528, 'تنظيم المركز الوطني للطب البديل', 32, ''),
(529, 'نظام أخلاقيات البحث على المخلوق', 32, ''),
(530, 'نظام الهيئة العامة للغذاء والدو', 32, ''),
(531, 'نظام مزاولة المهن الصحية', 32, ''),
(532, 'النظام الموحد لإدارة نفايات الر', 32, ''),
(533, 'نظام تداول بدائل حليب الأم', 32, ''),
(534, 'نظام المنشآت والمستحضرات الصيدل', 32, ''),
(535, 'نظام وحدات الإخصاب والأجنة وعلا', 32, ''),
(536, 'نظام المؤسسات الصحية الخاصة', 32, ''),
(537, 'نظام المختبرات الخاصة', 32, ''),
(538, 'نظام الهيئة السعودية للتخصصات ا', 32, ''),
(539, 'تنظيم هيئة الهلال الأحمر السعود', 32, ''),
(540, 'تنظيم الهيئة العامة للترفيه', 32, ''),
(541, 'تنظيم مركز الملك عبدالعزيز للخي', 32, ''),
(542, 'نظام أندية السيارات والدراجات ا', 32, ''),
(543, 'تنظيم الهيئة العليا لأندية الفر', 32, ''),
(544, 'النظام الأساسي للاتحادات الرياض', 32, ''),
(545, 'نظام جمعية الكشافة العربية السع', 32, ''),
(546, 'تنظيم الجمعية السعودية للسفر وا', 32, ''),
(547, 'تنظيم الجمعية السعودية لمرافق ا', 32, ''),
(548, 'تنظيم الجمعية السعودية للمرشدين', 32, ''),
(549, 'تنظيم الهيئة العامة للسياحة وال', 32, ''),
(550, 'نظام حماية التراث المخطوط في ال', 32, ''),
(551, 'نظام السياحة', 32, ''),
(552, 'نظام الآثار والمتاحف والتراث ال', 32, ''),
(553, 'اللائحة التنفيذية لنظام التحكيم', 32, ''),
(554, 'لائحة أعضاء النيابة العامة والع', 32, ''),
(555, 'النظام الأساسي للهيئة القضائية ', 32, ''),
(556, 'تنظيم صندوق النفقة', 32, ''),
(557, 'تنظيم الهيئة السعودية للمحامين', 32, ''),
(558, 'نظام حماية الطفل', 32, ''),
(559, 'اللائحة التنفيذية لنظام حماية ا', 32, ''),
(560, 'نظام المرافعات أمام ديوان المظا', 32, ''),
(561, 'تنظيم مركز المصالحة', 32, ''),
(562, 'نظام التنفيذ', 32, ''),
(563, 'نظام مكافحة جرائم الاتجار بالأش', 32, ''),
(564, 'تنظيم هيئة حقوق الانسان', 32, ''),
(565, 'نظام ديوان المظالم', 32, ''),
(566, 'نظام الهيئة العامة للولاية على ', 32, ''),
(567, 'نظام المحاماة', 32, ''),
(568, 'نظام المرافعات الشرعية ولائحته ', 32, ''),
(569, 'نظام النيابة العامة', 32, ''),
(570, 'نظام التحكيم', 32, ''),
(571, 'نظام محاكمة الوزراء', 32, ''),
(572, 'نظام تركيز مسؤوليات القضاء الشر', 32, ''),
(573, 'تنظيم المركز الوطني لأبحاث وتطو', 32, ''),
(574, 'تنظيم صندوق البيئة', 32, ''),
(575, 'نظام التعامل مع الموارد الوراثي', 32, ''),
(576, 'تنظيم المؤسسة العامة للري', 32, ''),
(577, 'تنظيم المؤسسة العامة للحبوب', 32, ''),
(578, 'نظام المناطق المحمية للحياة الف', 32, ''),
(579, 'قانون (نظام) الرفق بالحيوان لدو', 32, ''),
(580, 'نظام الأعلاف', 32, ''),
(581, 'نظام الزراعة العضوية', 32, ''),
(582, 'نظام المناطق البحرية للمملكة ال', 32, ''),
(583, 'تنظيم الجمعية السعودية للزراعة ', 32, ''),
(584, 'نظام تربية النحل', 32, ''),
(585, 'لائحة الترتيب التنظيمي لمصانع ا', 32, ''),
(586, 'قانون (نظام) المبيدات في دول مج', 32, ''),
(587, 'قانون (نظام) الأسمدة ومحسنات ال', 32, ''),
(588, 'نظام (قانون) الحجر البيطري لدول', 32, ''),
(589, 'نظام (قانون) الحجر الزراعي لدول', 32, ''),
(590, 'نظام الاتجار بالكائنات الفطرية ', 32, ''),
(591, 'نظام البحث العلمي البحري في الم', 32, ''),
(592, 'نظام صيد واستثمار وحماية الثروا', 32, ''),
(593, 'نظام صندوق التنمية الزراعية', 32, ''),
(594, 'نظام المراعي والغابات', 32, ''),
(595, 'نظام الثروة الحيوانية', 32, ''),
(596, 'النظام العام للبيئة', 32, ''),
(597, 'نظام مياه الصرف الصحي المعالجة ', 32, ''),
(598, 'نظام صيد الحيوانات والطيور البر', 32, ''),
(599, 'نظام الهيئة الوطنية لحماية الحي', 32, ''),
(600, 'نظام المحافظة على مصادر المياه', 32, ''),
(601, 'نظام المؤسسة العامة لتحلية المي', 32, ''),
(602, 'نظام توزيع الأراضي البور', 32, ''),
(603, 'تنظيم هيئة توليد الوظائف ومكافح', 32, ''),
(604, 'النظام الموحد لمد الحماية التأم', 32, ''),
(605, 'تنظيم المؤسسة العامة للتقاعد', 32, ''),
(606, 'نظام تبادل المنافع بين نظامي ال', 32, ''),
(607, 'نظام مجلس الخدمة المدنية', 32, ''),
(608, 'نظام الخدمة المدنية', 32, ''),
(609, 'نظام التقاعد المدني', 32, ''),
(610, 'نظام الوزراء ونواب الوزراء وموظ', 32, ''),
(611, 'لائحة ضوابط دخول القوارب (السنا', 32, ''),
(612, 'نظام الغذاء', 32, ''),
(613, 'اللائحة التنفيذية لنظام مكافحة ', 32, ''),
(614, 'نظام الضريبة الانتقائية', 32, ''),
(615, 'اللائحة التنفيذية لنظام الضريبة', 32, ''),
(616, 'نظام الحماية من الإيذاء', 32, ''),
(617, 'نظام الجمعيات التعاونية', 32, ''),
(618, 'نظام التأمين ضد التعطل عن العمل', 32, ''),
(619, 'تنظيم المركز الوطني للدراسات وا', 32, ''),
(620, 'تنظيم المخصص المالي لصعوبة الحص', 32, ''),
(621, 'تنظيم الصندوق الخيري الاجتماعي', 32, ''),
(622, 'تنظيم إعانة البحث عن عمل', 32, ''),
(623, 'اللائحة التنظيمية لمراكز التنمي', 32, ''),
(624, 'نظام الإجراءات الجزائية', 32, ''),
(625, 'نظام المؤسسة العامة لصوامع الغل', 32, ''),
(626, 'النظام التجاري ( نظام المحكمة ا', 32, ''),
(627, 'نظام تأديب الموظفين', 32, ''),
(628, 'نظام الملابس والتجهيزات العسكري', 32, ''),
(629, 'نظام مجلس الخدمة العسكرية', 32, ''),
(630, 'نظام الكليات العسكرية', 32, ''),
(631, 'ضوابط استخدام تقنيات المعلومات ', 32, ''),
(632, 'نظام خدمة الأفراد', 32, ''),
(633, 'نظام التقاعد العسكري', 32, ''),
(634, 'لائحة الغرامات والجزاءات عن الم', 32, ''),
(635, 'نظام تطبيق كود البناء السعودي', 32, ''),
(636, 'تنظيم الهيئة العامة للعقار', 32, ''),
(637, 'اللائحة التنفيذية لنظام رسوم ال', 32, ''),
(638, 'نظام رسوم الأراضي البيضاء', 32, ''),
(639, 'نظام المجالس البلدية', 32, ''),
(640, 'نظام إجراءات التراخيص البلدية', 32, ''),
(641, 'تنظيم الدعم السكني', 32, ''),
(642, 'نظام إدارة النفايات البلدية الص', 32, ''),
(643, 'اللائحة التنفيذية لنظام نزع ملك', 32, ''),
(644, 'نظام نزع ملكية العقارات للمنفعة', 32, ''),
(645, 'نظام الأنشطة المقلقة للراحة أو ', 32, ''),
(646, 'تنظيم تملك مواطني دول المجلس لل', 32, ''),
(647, 'تنظيم الهيئة العامة للإسكان', 32, ''),
(648, 'نظام استئجار الدولة للعقار وإخل', 32, ''),
(649, 'نظام مؤسسة النقد العربي السعودي', 32, ''),
(650, 'نظام ضريبة الدخل', 32, ''),
(651, 'نظام القضاء', 32, ''),
(652, 'نظام التسجيل العيني للعقار', 32, ''),
(653, 'نظام ملكية الوحدات العقارية وفر', 32, ''),
(654, 'نظام تملك غير السعوديين للعقار ', 32, ''),
(655, 'نظام حماية المرافق العامة', 32, ''),
(656, 'نظام البلديات والقرى', 32, ''),
(657, 'نظام صندوق التنمية العقارية', 32, ''),
(658, 'نظام التصرف في العقارات البلدية', 32, ''),
(659, 'نظام تعداد السكان العام', 32, ''),
(660, 'نظام الإحصاءات العامة للدولة', 32, ''),
(661, 'تنظيم مجمع الملك عبدالعزيز للمك', 32, ''),
(662, 'تنظيم الرئاسة العامة لهيئة الأم', 32, ''),
(663, 'تنظيم خدمات المعتمرين وزوار الم', 32, ''),
(664, 'تنظيم معاملة القادمين للمملكة ب', 32, ''),
(665, 'نظام خدمة حجاج الداخل', 32, ''),
(666, 'نظام نقل الحجاج إلى المملكة وإع', 32, ''),
(667, 'نظام الأئمة والمؤذنين وخدم المس', 32, ''),
(668, 'تنظيم هيئة تقويم التعليم والتدر', 32, ''),
(669, 'النظام الأساس لجمعية الكشافة ال', 32, ''),
(670, 'لائحة المدارس الأجنبية', 32, ''),
(671, 'تنظيم المركز الوطني للتعليم الإ', 32, ''),
(672, 'تنظيم هيئة تقويم التعليم العام', 32, ''),
(673, 'قواعد التعامل مع الوافدين من مخ', 32, ''),
(674, 'تنظيم هيئة رعاية الأشخاص ذوي ال', 32, ''),
(675, 'اللائحة التنظيمية لعمل الأسر ال', 32, ''),
(676, 'القواعد التنظيمية الخاصة بإنشاء', 32, ''),
(677, 'نظام تعليم الكبار ومحو الأمية ف', 32, ''),
(678, 'تنظيم المؤسسة العامة للتدريب ال', 32, ''),
(679, 'نظام معهد الإدارة العامة', 32, ''),
(680, 'نظام إنتاج المواد التعليمية الم', 32, ''),
(681, 'نظام مجلس التعليم العالي والجام', 32, ''),
(682, 'تنظيم المركز السعودي لزراعة الأ', 32, ''),
(683, 'النظام الصحي', 32, ''),
(684, 'نظام مدينة الملك عبد العزيز للع', 32, ''),
(685, 'نظام معهد الدراسات الدبلوماسية', 32, ''),
(686, 'تنظيم المركز السعودي للشراكات ا', 32, ''),
(687, 'تنظيم مشاركة الوفود الرسمية في ', 32, ''),
(688, 'نظام العلم للمملكة العربية السع', 32, ''),
(689, 'نظام الأوسمة السعودية', 32, ''),
(690, 'نظام الشركات', 32, ''),
(691, 'نظام الأوراق التجارية', 32, ''),
(692, 'تنظيم مركز الاسناد والتصفية', 32, ''),
(693, 'تنظيم المركز السعودي للتحكيم ال', 32, ''),
(694, 'نظام المنافسة', 32, ''),
(695, 'تنظيم المركز السعودي للأعمال ال', 32, ''),
(696, 'نظام صندوق الاستثمارات العامة', 32, ''),
(697, 'تنظيم الهيئة السعودية للملكية ا', 32, ''),
(698, 'تنظيم صندوق التنمية الوطني', 32, ''),
(699, 'نظام ضريبة القيمة المضافة', 32, ''),
(700, 'تنظيم الهيئة العامة للزكاة والد', 32, ''),
(701, 'نظام مزاولة المهن الهندسية', 32, ''),
(702, 'اللائحة التنفيذية لنظام الإفلاس', 32, ''),
(703, 'اللائحة التنظيمية لمزاولة مهنة ', 32, ''),
(704, 'تنظيم الهيئة العامة للمنشآت الص', 32, ''),
(705, 'تنظيم جمعية حماية المستهلك', 32, ''),
(706, 'قانون (نظام) العلامات التجارية ', 32, ''),
(707, 'النظام الأساسي للمركز الإحصائي ', 32, ''),
(708, 'نظام المقيمين المعتمدين', 32, ''),
(709, 'تنظيم الجمعية السعودية للجودة', 32, ''),
(710, 'تنظيم الهيئة السعودية للمواصفات', 32, ''),
(711, 'تنظيم هيئة المدن الاقتصادية', 32, ''),
(712, 'نظام استيراد المواد الكيميائية ', 32, ''),
(713, 'النظام الأساسي لهيئة التقييس لد', 32, ''),
(714, 'نظام براءات الاختراع والتصميمات', 32, ''),
(715, 'نظام براءات الاختراع لدول مجلس ', 32, ''),
(716, 'النظام الأساسي لهيئة المحاسبة و', 32, ''),
(717, 'النظام الأساسي للمجلس الدولي لل', 32, ''),
(718, 'نظام الأسماء التجارية', 32, ''),
(719, 'تنظيم المجلس الاقتصادي الأعلى', 32, ''),
(720, 'نظام السجل التجاري', 32, ''),
(721, 'نظام المحاسبين القانونيين', 32, ''),
(722, 'نظام الشركات المهنية', 32, ''),
(723, 'نظام الدفاتر التجارية', 32, ''),
(724, 'نظام الغرف التجارية والصناعية', 32, ''),
(725, 'نظام الصندوق السعودي للتنمية', 32, ''),
(726, 'نظام القياس والمعايرة', 32, ''),
(727, 'نظام مكافحة الغش التجاري', 32, ''),
(728, 'تنظيم هيئة تنمية الصادرات السعو', 32, ''),
(729, 'نظام المشاركة بالوقت فى الوحدات', 32, ''),
(730, 'نظام تصنيف المقاولين', 32, ''),
(731, 'نظام البيع بالتقسيط', 32, ''),
(732, 'نظام مكافحة التستر', 32, ''),
(733, 'نظام الرهن التجاري', 32, ''),
(734, 'نظام الرهن التجاري القديم', 32, ''),
(735, 'نظام السوق المالية', 32, ''),
(736, 'نظام محلات بيع المركبات الملغى ', 32, ''),
(737, 'تنظيم الهيئة العامة للاستثمار', 32, ''),
(738, 'نظام الاستثمار الأجنبي', 32, ''),
(739, 'نظام صندوق الاستثمارات العامة', 32, ''),
(740, 'نظام الوكالات التجارية', 32, ''),
(741, 'اللائحة التنفيذية لنظام الإجراء', 32, ''),
(742, 'نظام مكافحة جرائم الإرهاب وتموي', 32, ''),
(743, 'تنظيم الهيئة العامة للصناعات ال', 32, ''),
(744, 'تنظيم المؤسسة العامة للصناعات ا', 32, ''),
(745, 'تنظيم الفحص الفني الدوري للمركب', 32, ''),
(746, 'تنظيم المجمع الفقهي في المملكة ', 32, ''),
(747, 'نظام العلامات التجارية', 32, ''),
(748, 'تنظيم اللجنة الوطنية لمكافحة ال', 32, ''),
(749, 'نظام الأحوال المدنية', 32, ''),
(750, 'نظام الأسلحة والذخائر', 32, ''),
(751, 'اللائحة التنفيذية لنظام الأوسمة', 32, ''),
(752, 'نظام الحراسة الأمنية المدنية ال', 32, ''),
(753, 'تنظيم الهيئة السعودية للمقاولين', 32, ''),
(754, 'نظام الدفاع المدني', 32, ''),
(755, 'نظام أمن الحدود', 32, ''),
(756, 'نظام استبدال الغرامة بالحبس', 32, ''),
(757, 'النظام الجزائي الخاص بتزييف وتق', 32, ''),
(758, 'نظام مكافحة جريمة التحرش', 32, ''),
(759, 'نظام الجنسية العربية السعودية', 32, ''),
(760, 'نظام المرور', 32, ''),
(761, 'اللائحة التنفيذية لنظام مكافحة ', 32, ''),
(762, 'تنظيم الهيئة العامة للإحصاء', 32, ''),
(763, 'تنظيم المركز الوطني للدراسات ال', 32, ''),
(764, 'تنظيم المركز الوطني للتنافسية', 32, ''),
(765, 'تنظيم اللجنة الوطنية لتقنين أعم', 32, ''),
(766, 'القانون (النظام) الموحد لمكافحة', 32, ''),
(767, 'نظام المنافسة القديم', 32, ''),
(768, 'نظام البيانات التجارية', 32, ''),
(769, 'نظام مراقبة شركات التأمين التعا', 32, ''),
(770, 'نظام الهيئة السعودية للمهندسين', 32, ''),
(771, 'نظام مكافحة غسل الأموال', 32, ''),
(772, 'Recovered_section', 32, ''),
(773, 'تنظيم الهيئة العامة للجمارك', 32, ''),
(774, 'نظام مكافحة الرشوة', 32, ''),
(775, 'نظام عقوبات انتحال صفة رجل السل', 32, ''),
(776, 'تنظيم الهيئة العامة للثقافة', 32, ''),
(777, 'نظام مكافحة المخدرات والمؤثرات ', 32, ''),
(778, 'نظام الإعلام المرئي والمسموع', 32, ''),
(779, 'تنظيم الهيئة العامة للإعلام الم', 32, ''),
(780, 'تنظيم دارة الملك عبدالعزيز', 32, ''),
(781, 'نظام مكافحة غسل الأموال القديم', 32, ''),
(782, 'نظام المتفجرات والمفرقعات', 32, ''),
(783, 'قواعد ترشيح رواد العمل التطوعي ', 32, ''),
(784, 'نظام السجن والتوقيف', 32, ''),
(785, 'نظام وثائق السفر', 32, ''),
(786, 'النظام الجزائي لجرائم التزوير', 32, ''),
(787, 'نظام جوازات السفر السياسية والخ', 32, ''),
(788, 'تنظيم وكالة الأنباء السعودية', 32, ''),
(789, 'قواعد تنظيم لوحات الدعاية والإع', 32, ''),
(790, 'تنظيم هيئة الإذاعة والتلفزيون', 32, ''),
(791, 'نظام مكتبة الملك فهد الوطنية', 32, ''),
(792, 'نظام عقوبات نشر الوثائق والمعلو', 32, ''),
(793, 'نظام حماية حقوق المؤلف', 32, ''),
(794, 'نظام المؤسسات الصحفية', 32, ''),
(795, 'نظام المطبوعات والنشر', 32, ''),
(796, 'تنظيم مشاركة الوفود الرسمية الم', 32, ''),
(797, 'نظام مكتبة الملك عبد العزيز الع', 32, ''),
(798, 'نظام المركز الوطني للوثائق والم', 32, ''),
(799, 'نظام الوثائق والمحفوظات', 32, ''),
(800, 'نظام دارة الملك عبد العزيز', 32, ''),
(801, 'نظام نقل معلومات المتعاملين مع ', 32, ''),
(802, 'تنظيم صندوق الشهداء والمصابين و', 32, ''),
(803, 'النظام الأساسي لمركز المعلومات ', 32, ''),
(804, 'نظام مزاولة نقل النقود والمعادن', 32, ''),
(805, 'نظام الإذاعة الأساسي', 32, ''),
(806, 'تنظيم مركز الملك عبد الله بن عب', 32, ''),
(807, 'نظام الإيداع', 32, ''),
(808, 'تنظيم اللجنة الوطنية لمتابعة مب', 32, ''),
(809, 'نظام خدمة الضباط', 32, ''),
(810, 'تنظيم هيئة كبار العلماء ولائحة ', 32, ''),
(811, 'نظام المناطق', 32, ''),
(812, 'نظام هيئة البيعة', 32, ''),
(813, 'نظام مجلس الشورى', 32, ''),
(814, 'نظام مجلس الوزراء', 32, ''),
(815, 'النظام الأساسي للحكم', 32, ''),
(816, 'المرسوم الملكي الكريم رقم ٤٣ لع', 32, ''),
(817, 'لائحة إنشاء الطرق من قبل الأهال', 32, ''),
(818, 'اللائحة التنفيذية لنظام المعادن', 32, ''),
(819, 'لائحة مؤسسة رعاية الفتيات', 32, '');

-- --------------------------------------------------------

--
-- Table structure for table `tag`
--

CREATE TABLE `tag` (
  `tag_id` int(11) NOT NULL,
  `tag_name` varchar(1000) NOT NULL
) ENGINE=InnoDB DEFAULT CHARSET=utf8mb4;

-- --------------------------------------------------------

--
-- Table structure for table `version`
--

CREATE TABLE `version` (
  `version_id` int(11) NOT NULL,
  `version` varchar(1200) NOT NULL,
  `book_id` int(11) NOT NULL
) ENGINE=InnoDB DEFAULT CHARSET=utf8mb4;

--
-- Indexes for dumped tables
--

--
-- Indexes for table `book`
--
ALTER TABLE `book`
  ADD PRIMARY KEY (`book_id`);

--
-- Indexes for table `book_tag`
--
ALTER TABLE `book_tag`
  ADD PRIMARY KEY (`book_tag_id`);

--
-- Indexes for table `case_law_system`
--
ALTER TABLE `case_law_system`
  ADD PRIMARY KEY (`id`);

--
-- Indexes for table `city`
--
ALTER TABLE `city`
  ADD PRIMARY KEY (`city_id`);

--
-- Indexes for table `country`
--
ALTER TABLE `country`
  ADD PRIMARY KEY (`country_id`);

--
-- Indexes for table `custom_fields`
--
ALTER TABLE `custom_fields`
  ADD PRIMARY KEY (`id`);

--
-- Indexes for table `fields_values`
--
ALTER TABLE `fields_values`
  ADD PRIMARY KEY (`id`);

--
-- Indexes for table `linked_case_law`
--
ALTER TABLE `linked_case_law`
  ADD PRIMARY KEY (`id`);

--
-- Indexes for table `linked_system`
--
ALTER TABLE `linked_system`
  ADD PRIMARY KEY (`id`);

--
-- Indexes for table `materials`
--
ALTER TABLE `materials`
  ADD PRIMARY KEY (`material_id`);

--
-- Indexes for table `section`
--
ALTER TABLE `section`
  ADD PRIMARY KEY (`section_id`);

--
-- Indexes for table `tag`
--
ALTER TABLE `tag`
  ADD PRIMARY KEY (`tag_id`);

--
-- Indexes for table `version`
--
ALTER TABLE `version`
  ADD PRIMARY KEY (`version_id`);

--
-- AUTO_INCREMENT for dumped tables
--

--
-- AUTO_INCREMENT for table `book`
--
ALTER TABLE `book`
  MODIFY `book_id` int(11) NOT NULL AUTO_INCREMENT, AUTO_INCREMENT=209;

--
-- AUTO_INCREMENT for table `book_tag`
--
ALTER TABLE `book_tag`
  MODIFY `book_tag_id` int(11) NOT NULL AUTO_INCREMENT, AUTO_INCREMENT=1312;

--
-- AUTO_INCREMENT for table `case_law_system`
--
ALTER TABLE `case_law_system`
  MODIFY `id` int(11) NOT NULL AUTO_INCREMENT, AUTO_INCREMENT=124;

--
-- AUTO_INCREMENT for table `city`
--
ALTER TABLE `city`
  MODIFY `city_id` int(11) NOT NULL AUTO_INCREMENT, AUTO_INCREMENT=458;

--
-- AUTO_INCREMENT for table `country`
--
ALTER TABLE `country`
  MODIFY `country_id` int(11) NOT NULL AUTO_INCREMENT, AUTO_INCREMENT=228;

--
-- AUTO_INCREMENT for table `custom_fields`
--
ALTER TABLE `custom_fields`
  MODIFY `id` int(11) NOT NULL AUTO_INCREMENT;

--
-- AUTO_INCREMENT for table `fields_values`
--
ALTER TABLE `fields_values`
  MODIFY `id` int(11) NOT NULL AUTO_INCREMENT;

--
-- AUTO_INCREMENT for table `linked_case_law`
--
ALTER TABLE `linked_case_law`
  MODIFY `id` int(11) NOT NULL AUTO_INCREMENT, AUTO_INCREMENT=157;

--
-- AUTO_INCREMENT for table `linked_system`
--
ALTER TABLE `linked_system`
  MODIFY `id` int(11) NOT NULL AUTO_INCREMENT, AUTO_INCREMENT=159;

--
-- AUTO_INCREMENT for table `materials`
--
ALTER TABLE `materials`
  MODIFY `material_id` int(11) NOT NULL AUTO_INCREMENT, AUTO_INCREMENT=1249;

--
-- AUTO_INCREMENT for table `section`
--
ALTER TABLE `section`
  MODIFY `section_id` int(11) NOT NULL AUTO_INCREMENT, AUTO_INCREMENT=820;

--
-- AUTO_INCREMENT for table `tag`
--
ALTER TABLE `tag`
  MODIFY `tag_id` int(11) NOT NULL AUTO_INCREMENT, AUTO_INCREMENT=359;

--
-- AUTO_INCREMENT for table `version`
--
ALTER TABLE `version`
  MODIFY `version_id` int(11) NOT NULL AUTO_INCREMENT, AUTO_INCREMENT=2;
COMMIT;

/*!40101 SET CHARACTER_SET_CLIENT=@OLD_CHARACTER_SET_CLIENT */;
/*!40101 SET CHARACTER_SET_RESULTS=@OLD_CHARACTER_SET_RESULTS */;
/*!40101 SET COLLATION_CONNECTION=@OLD_COLLATION_CONNECTION */;
